time,open,high,low,close,MA 1,MA 2,MA 3,MA 4,MA 5,Shapes,Shapes,Range Filter,Up Trend,UpTrend Begins,Down Trend,DownTrend Begins,HalfTrend,Conversion Line,Base Line,Lagging Span,Leading Span A,Leading Span B,ParabolicSAR,VWAP,Range Top,Range Bottom,Basis,Upper,Lower,STC Sell,STC Buy,PlotCandle (Open),PlotCandle (High,PlotCandle (Low),PlotCandle (Close),Hollow Candles (Open),Hollow Candles (High,Hollow Candles (Low),Hollow Candles (Close),Buy Signal,Sell Signal,Expired Signal,Expired Signal,long Signal,Short Signal,RSI Plot,Plot,Plot,Plot,Plot,MFI Plot,Angle Follow Line,Angle Follow Line Histogram,Sell,Buy,Add Sell 1,Add Buy 1,Reduce Buy 1,Reduce Buy 2,Reduce Buy 3,Reduce Buy 4,Reduce Buy 5,Reduce Sell 1,Reduce Sell 2,Reduce Sell 3,Reduce Sell 4,Reduce Sell 5,Volume MA,Volume,Volume MA,Stochastic,EMA,Plot,Plot,Plot,Plot
2023-11-10T09:15:00+05:30,161.675005,163.35001,157,160.925005,NaN,NaN,NaN,NaN,NaN,NaN,NaN,NaN,NaN,NaN,NaN,NaN,157,NaN,NaN,171.137495,NaN,NaN,NaN,160.425005,NaN,NaN,NaN,NaN,NaN,NaN,NaN,161.675005,163.35001,157,160.925005,161.300005,163.35001,157,160.737505,0,0,0,0,NaN,NaN,NaN,70,70,30,30,NaN,NaN,NaN,NaN,NaN,NaN,NaN,NaN,NaN,NaN,NaN,NaN,NaN,NaN,NaN,NaN,NaN,NaN,8742,NaN,NaN,NaN,40,40,-40,-40
2023-11-12T18:15:00+05:30,161.300005,165.05,159,162.25,NaN,NaN,NaN,NaN,NaN,NaN,NaN,NaN,NaN,NaN,NaN,NaN,157,NaN,NaN,162.85000250000002,NaN,NaN,157,162.1,NaN,NaN,NaN,NaN,NaN,NaN,NaN,161.300005,165.05,159,162.25,161.018755,165.05,159,161.90000125,0,0,0,0,NaN,NaN,NaN,70,70,30,30,NaN,NaN,NaN,NaN,NaN,NaN,NaN,NaN,NaN,NaN,NaN,NaN,NaN,NaN,NaN,NaN,NaN,NaN,12360,NaN,NaN,NaN,40,40,-40,-40
2023-11-13T09:15:00+05:30,161.7750025,163.2,153.64999,159.1125,NaN,NaN,NaN,NaN,NaN,NaN,NaN,NaN,NaN,NaN,NaN,NaN,157,NaN,NaN,162.72501,NaN,NaN,165.05,158.65416333333332,NaN,NaN,NaN,NaN,NaN,1,NaN,161.7750025,163.2,153.64999,159.1125,161.459378125,163.2,153.64999,159.43437312499998,0,0,0,0,NaN,NaN,NaN,70,70,30,30,NaN,NaN,NaN,NaN,NaN,NaN,NaN,NaN,NaN,NaN,NaN,NaN,NaN,NaN,NaN,NaN,NaN,NaN,7098,NaN,0,NaN,40,40,-40,-40
2023-11-15T09:15:00+05:30,160.44375125,164,151.2,156.7249975,NaN,NaN,NaN,NaN,NaN,1,NaN,NaN,NaN,NaN,NaN,NaN,157,NaN,NaN,160.3875,NaN,NaN,165.05,157.3083325,NaN,NaN,NaN,NaN,NaN,1,NaN,160.44375125,164,151.2,156.7249975,160.446875625,164,151.2,158.0921871875,0,0,0,0,NaN,NaN,NaN,70,70,30,30,NaN,NaN,NaN,NaN,NaN,NaN,NaN,NaN,NaN,NaN,NaN,NaN,NaN,NaN,NaN,NaN,NaN,NaN,7065,NaN,0,NaN,40,40,-40,-40
2023-11-16T09:15:00+05:30,158.58437437499998,158.75,153.25,155.3375025,158.870001,NaN,NaN,NaN,NaN,NaN,NaN,NaN,NaN,NaN,NaN,NaN,157,NaN,NaN,161.3,NaN,NaN,164.496,155.7791675,NaN,NaN,NaN,NaN,NaN,1,NaN,158.58437437499998,158.75,153.25,155.3375025,159.26953140625,159.26953140625,153.25,156.48046921875,0,0,0,0,NaN,NaN,NaN,70,70,30,30,NaN,NaN,NaN,NaN,NaN,NaN,NaN,NaN,NaN,NaN,NaN,NaN,NaN,NaN,NaN,NaN,NaN,NaN,9783,NaN,0,NaN,40,40,-40,-40
2023-11-17T09:15:00+05:30,156.96093843749998,160.45,153.2,155.9999975,157.91333316666666,NaN,NaN,NaN,NaN,NaN,NaN,NaN,NaN,NaN,NaN,NaN,157,NaN,NaN,163.7499975,NaN,NaN,164,156.54999916666665,NaN,NaN,NaN,NaN,NaN,1,NaN,156.96093843749998,160.45,153.2,155.9999975,157.8750003125,160.45,153.2,156.652733984375,0,0,0,0,NaN,NaN,NaN,70,70,30,30,NaN,NaN,NaN,NaN,NaN,NaN,NaN,NaN,NaN,NaN,NaN,NaN,NaN,NaN,NaN,NaN,NaN,NaN,12403,NaN,0,NaN,40,40,-40,-40
2023-11-20T09:15:00+05:30,156.48046796875,160.95,155.10001,157.525005,157.78389044444444,NaN,NaN,NaN,NaN,NaN,1,NaN,NaN,NaN,NaN,NaN,157,NaN,NaN,168.650005,NaN,NaN,163.488,157.85833833333334,NaN,NaN,NaN,NaN,NaN,1,NaN,156.48046796875,160.95,155.10001,157.525005,157.2638671484375,160.95,155.10001,157.5138707421875,0,0,0,0,NaN,NaN,NaN,70,70,30,30,NaN,NaN,NaN,NaN,NaN,NaN,NaN,NaN,NaN,NaN,NaN,NaN,NaN,NaN,NaN,NaN,NaN,NaN,6678,NaN,0,NaN,40,40,-40,-40
2023-11-21T09:15:00+05:30,157.002736484375,157.45,155.14999,155.862495,157.1434252962963,NaN,NaN,NaN,NaN,NaN,NaN,NaN,NaN,NaN,NaN,NaN,157,NaN,NaN,168.374995,NaN,NaN,162.99648,156.15416166666668,NaN,NaN,NaN,NaN,NaN,1,NaN,157.002736484375,157.45,155.14999,155.862495,157.38886894531248,157.45,155.14999,156.36630537109374,0,0,0,0,NaN,NaN,NaN,70,70,30,30,NaN,NaN,NaN,NaN,NaN,NaN,NaN,NaN,NaN,NaN,NaN,NaN,NaN,NaN,NaN,NaN,NaN,NaN,14336,NaN,0,NaN,40,40,-40,-40
2023-11-22T09:15:00+05:30,156.4326157421875,159.05,155.10001,156.7375025,157.00811769753088,NaN,NaN,NaN,NaN,NaN,NaN,NaN,NaN,NaN,NaN,NaN,157,158.125,NaN,167.27499749999998,NaN,NaN,162.52462079999998,156.96250416666666,NaN,NaN,NaN,NaN,NaN,1,NaN,156.4326157421875,159.05,155.10001,156.7375025,156.8775871582031,159.05,155.10001,156.83003206054687,0,0,0,0,NaN,NaN,NaN,70,70,30,30,NaN,NaN,NaN,NaN,NaN,NaN,NaN,NaN,NaN,NaN,NaN,NaN,NaN,NaN,NaN,NaN,NaN,NaN,10380,NaN,0,NaN,40,40,-40,-40
2023-11-23T09:15:00+05:30,156.58505912109376,157.05,152.95,155.0875025,156.36791263168726,NaN,NaN,NaN,NaN,NaN,NaN,NaN,135.8674955,NaN,NaN,NaN,157,158.125,NaN,167.3125025,NaN,NaN,162.07163596799998,155.0291675,NaN,NaN,NaN,NaN,NaN,1,NaN,156.58505912109376,157.05,152.95,155.0875025,156.853809609375,157.05,152.95,155.41814040527345,0,0,0,0,NaN,NaN,NaN,70,70,30,30,NaN,NaN,NaN,NaN,NaN,NaN,NaN,NaN,NaN,NaN,NaN,NaN,NaN,NaN,NaN,NaN,NaN,NaN,16893,NaN,0,0,40,40,-40,-40
2023-11-24T09:15:00+05:30,155.8362808105469,156.45,149,153.1125,155.28277508779152,NaN,NaN,NaN,NaN,1,NaN,NaN,135.8674955,NaN,NaN,NaN,157,156.5,NaN,168.53750250000002,NaN,NaN,161.63677052927997,152.85416666666666,NaN,NaN,NaN,NaN,NaN,1,NaN,155.8362808105469,156.45,149,153.1125,156.13597500732422,156.45,149,153.59969520263672,0,0,0,0,NaN,NaN,NaN,70,70,30,30,NaN,NaN,NaN,NaN,NaN,NaN,NaN,NaN,NaN,NaN,NaN,NaN,NaN,NaN,NaN,NaN,NaN,NaN,10988,NaN,0,0,40,40,-40,-40
2023-11-28T09:15:00+05:30,154.47439040527345,161,154.10001,158.1750025,156.24685089186102,NaN,NaN,NaN,NaN,NaN,1,NaN,137.674926355,NaN,NaN,NaN,157,156.5,NaN,170.84999750000003,NaN,NaN,149,157.7583375,NaN,NaN,NaN,NaN,NaN,1,NaN,154.47439040527345,161,154.10001,158.1750025,154.8678351049805,161,154.10001,156.93735072631836,0,0,0,0,NaN,NaN,NaN,70,70,30,30,NaN,NaN,NaN,NaN,NaN,NaN,NaN,NaN,NaN,NaN,NaN,NaN,NaN,NaN,NaN,NaN,NaN,NaN,16207,NaN,0,0,40,40,-40,-40
2023-11-29T09:15:00+05:30,156.32469645263672,160.5,150,156.125,156.20623392790733,157.15192384615386,NaN,NaN,NaN,NaN,NaN,NaN,137.674926355,NaN,NaN,NaN,157,155,NaN,179.27499999999998,NaN,NaN,149,155.54166666666666,NaN,NaN,NaN,NaN,NaN,1,NaN,156.32469645263672,160.5,150,156.125,155.90259291564942,160.5,150,155.7374241131592,0,0,0,0,NaN,NaN,NaN,70,70,30,30,NaN,NaN,NaN,NaN,NaN,NaN,NaN,NaN,NaN,NaN,NaN,NaN,NaN,NaN,NaN,NaN,NaN,NaN,12583,NaN,0,0,40,40,-40,-40
2023-11-30T09:15:00+05:30,156.22484822631836,158.3,150.3,154.3,155.5708226186049,156.74450615384617,NaN,NaN,NaN,NaN,NaN,NaN,137.674926355,NaN,NaN,NaN,157,155,NaN,193.25,NaN,NaN,149.24,154.3,NaN,NaN,NaN,NaN,NaN,1,NaN,156.22484822631836,158.3,150.3,154.3,155.82000851440432,158.3,150.3,154.7812120565796,0,0,0,0,NaN,NaN,NaN,70,70,30,30,40.23461765269032,NaN,NaN,NaN,NaN,NaN,NaN,NaN,NaN,NaN,NaN,NaN,NaN,NaN,NaN,NaN,NaN,NaN,13411,NaN,-8.53634471513521,-3.1041253509582583,40,40,-40,-40
2023-12-01T09:15:00+05:30,155.26242411315917,173.64999,153.8,161.4749975,157.53888091240327,157.42029063186814,NaN,NaN,NaN,NaN,1,NaN,138.56956566779502,NaN,NaN,NaN,157,161.324995,NaN,219.025,NaN,NaN,149.4752,162.97499583333334,NaN,NaN,NaN,NaN,NaN,1,NaN,155.26242411315917,173.64999,153.8,161.4749975,155.30061028549196,173.64999,153.8,161.0468529032898,0,0,0,0,NaN,NaN,50.840966675323635,70,70,30,30,60.60507407791559,NaN,NaN,NaN,NaN,NaN,NaN,NaN,NaN,NaN,NaN,NaN,NaN,NaN,NaN,NaN,NaN,NaN,78860,NaN,-9.045249072286968,-4.276857728863798,40,40,-40,-40
2023-12-04T09:15:00+05:30,158.3687108065796,173,158.3687108065796,168.5875,161.22175394160217,159.01560625588698,NaN,NaN,NaN,NaN,NaN,NaN,138.65508224627916,NaN,NaN,NaN,157,161.324995,NaN,217.20000249999998,NaN,NaN,150.3,166.65207026885992,NaN,NaN,NaN,NaN,NaN,1,NaN,158.3687108065796,173,158.3687108065796,168.5875,158.17373159439086,173,158.17373159439086,164.5812304032898,0,0,0,0,NaN,NaN,60.17057074422297,70,70,30,30,63.14662281253126,NaN,NaN,NaN,NaN,NaN,NaN,NaN,NaN,NaN,NaN,NaN,NaN,NaN,NaN,NaN,NaN,NaN,27070,NaN,2.3272701118988586,-1.0083764516004377,40,40,-40,-40
2023-12-05T09:15:00+05:30,163.47810540328982,169.39999,162.55,165.8124975,162.75200179440145,159.9865907193317,NaN,NaN,NaN,NaN,NaN,NaN,139.59365215869045,NaN,NaN,NaN,157,161.324995,NaN,207.5375,NaN,NaN,151.2339996,165.92082916666666,NaN,NaN,NaN,NaN,NaN,1,NaN,163.47810540328982,169.39999,162.55,165.8124975,161.37748099884033,169.39999,161.37748099884033,165.31014822582245,0,0,0,0,NaN,NaN,55.72681924539616,70,70,30,30,61.00585404307497,NaN,NaN,NaN,NaN,NaN,NaN,NaN,NaN,NaN,NaN,NaN,NaN,NaN,NaN,NaN,NaN,NaN,15008,NaN,13.591573472130385,3.6942150545745354,40,40,-40,-40
2023-12-06T09:15:00+05:30,164.6453014516449,176.39999,163.89999,169.7874975,165.09716702960097,161.38672025942716,NaN,NaN,NaN,NaN,NaN,NaN,142.6567814428214,NaN,NaN,NaN,162.55,162.699995,NaN,NaN,NaN,NaN,152.130639216,170.0291591666667,NaN,NaN,NaN,NaN,NaN,1,NaN,164.6453014516449,176.39999,163.89999,169.7874975,163.34381461233139,176.39999,163.34381461233139,168.68319473791124,0,0,0,0,NaN,NaN,60.25483917677327,70,70,30,30,69.81739089525303,NaN,NaN,NaN,NaN,NaN,NaN,NaN,NaN,NaN,NaN,NaN,NaN,NaN,NaN,NaN,NaN,NaN,53963,NaN,24.329267995269536,9.398350957089836,40,40,-40,-40
2023-12-07T09:15:00+05:30,167.21639947582247,179.89999,167.21639947582247,173.7374975,167.97727718640064,163.15111700808043,NaN,NaN,NaN,NaN,1,NaN,145.00922987919725,NaN,NaN,NaN,163.89999,164.449995,NaN,NaN,NaN,NaN,153.58680026304,173.61796232527414,NaN,NaN,NaN,NaN,NaN,1,NaN,167.21639947582247,179.89999,167.21639947582247,173.7374975,166.0135046751213,179.89999,166.0135046751213,172.01757161291124,0,0,0,0,NaN,NaN,64.17576947731072,70,70,30,30,74.34178529027655,NaN,NaN,NaN,NaN,NaN,NaN,NaN,NaN,NaN,NaN,NaN,NaN,NaN,NaN,NaN,NaN,NaN,23621,NaN,34.517610912076364,15.817915115597721,40,40,-40,-40
2023-12-08T09:15:00+05:30,170.47694848791122,179,170.39999,174.637495,170.19734979093377,164.79202814978322,160.56562475,NaN,NaN,NaN,NaN,NaN,146.4259236271574,NaN,NaN,NaN,167.21639947582247,164.949995,NaN,NaN,NaN,NaN,155.6918554419968,174.6791616666667,NaN,NaN,160.56562475,173.32135115106277,147.80989834893725,1,NaN,170.47694848791122,179,170.39999,174.637495,169.01553814401626,179,169.01553814401626,173.6286083719778,0,0,0,0,NaN,NaN,65.02245679783591,70,70,30,30,76.07936308782939,NaN,NaN,NaN,NaN,NaN,NaN,NaN,NaN,NaN,NaN,NaN,NaN,NaN,NaN,NaN,NaN,NaN,32272,NaN,43.599404131049354,22.52033006731129,40,43.599404131049354,-40,-40
2023-12-11T09:15:00+05:30,172.5572217439556,175.25,168,170.9749975,170.45656569395584,165.6753094855285,161.55699358333334,NaN,NaN,NaN,NaN,NaN,146.4259236271574,NaN,NaN,NaN,168,164.949995,NaN,NaN,NaN,NaN,157.62850620663707,171.4083325,NaN,NaN,161.068124375,174.6085715575401,147.5276771924599,1,NaN,172.5572217439556,175.25,168,170.9749975,171.32207325799703,175.25,168,171.69555481098888,0,0,0,0,NaN,NaN,58.919682603794016,70,70,30,30,69.40274977174236,NaN,NaN,NaN,NaN,NaN,NaN,NaN,NaN,NaN,NaN,NaN,NaN,NaN,NaN,NaN,NaN,NaN,27916,NaN,47.420035600402386,27.74220952230113,40,47.420035600402386,-40,-40
2023-12-12T09:15:00+05:30,171.76610962197782,174.39999,165,169.74999499999998,170.2210421293039,166.25740741616727,162.33727943253967,NaN,NaN,NaN,NaN,NaN,146.4259236271574,NaN,NaN,NaN,168,165.099995,NaN,NaN,NaN,NaN,159.4102249101061,169.7166616666667,NaN,NaN,161.443124125,175.49932632062914,147.38692192937086,1,NaN,171.76610962197782,174.39999,165,169.74999499999998,171.50881403449296,174.39999,165,170.22902365549444,0,0,0,0,NaN,NaN,56.99291593336849,70,70,30,30,69.07546879914065,NaN,NaN,NaN,NaN,NaN,NaN,NaN,NaN,NaN,NaN,NaN,NaN,NaN,NaN,NaN,NaN,NaN,14818,NaN,46.71364808346226,31.06312789397768,40,46.71364808346226,-40,-40
2023-12-13T09:15:00+05:30,170.7580523109889,170.7580523109889,158.35001,163.4749975,167.9723605862026,165.85992028528622,162.44563353420256,NaN,NaN,1,NaN,NaN,146.4259236271574,NaN,NaN,NaN,168,166.849995,NaN,NaN,NaN,NaN,179.89999,164.19435327032963,NaN,NaN,161.661249,175.7014002256824,147.6210977743176,1,NaN,170.7580523109889,170.7580523109889,158.35001,163.4749975,170.8689188449937,170.8689188449937,158.35001,165.83527803049444,0,0,0,0,NaN,NaN,48.28282541729645,70,70,30,30,64.47262752121925,NaN,NaN,NaN,NaN,NaN,NaN,NaN,NaN,NaN,NaN,NaN,NaN,NaN,NaN,NaN,NaN,NaN,20002,NaN,38.56819698316196,30.946694801047492,40,40,-40,-40
2023-12-14T09:15:00+05:30,167.11652490549443,168.10001,161.45,164.6125,166.8524070574684,165.6817173873882,162.6520017690404,NaN,NaN,NaN,NaN,NaN,146.4259236271574,NaN,NaN,NaN,168,169.125,NaN,NaN,NaN,NaN,179.4689904,164.72083666666666,NaN,NaN,162.055624125,175.96146391272515,148.14978433727487,1,NaN,167.11652490549443,168.10001,161.45,164.6125,168.35209843774408,168.35209843774408,161.45,165.3197587263736,0,0,0,0,NaN,NaN,49.78110355277782,70,70,30,30,68.36596777794583,NaN,NaN,NaN,NaN,NaN,NaN,NaN,NaN,NaN,NaN,NaN,NaN,NaN,NaN,NaN,NaN,NaN,10644,NaN,27.09966489727196,28.16204716656285,40,40,-40,-40
2023-12-15T09:15:00+05:30,165.86451245274722,168.35001,162.14999,164.875,166.1932713716456,165.56647204633273,162.86371588627463,NaN,NaN,NaN,NaN,NaN,146.4259236271574,NaN,NaN,NaN,168,169.125,NaN,NaN,NaN,NaN,179.046610792,165.125,NaN,NaN,162.532499,176.13492106548213,148.93007693451787,1,NaN,165.86451245274722,168.35001,162.14999,164.875,166.83592858205884,168.35001,162.14999,165.3098781131868,0,0,0,0,NaN,NaN,50.14008402539308,70,70,30,30,71.27603899589641,NaN,NaN,NaN,NaN,NaN,NaN,NaN,NaN,NaN,NaN,NaN,NaN,NaN,NaN,NaN,NaN,NaN,11185,NaN,13.769681802825902,23.12162017416594,40,40,-40,-40
2023-12-18T09:15:00+05:30,165.36975622637362,179.89999,161,171.137495,167.8413459144304,166.3623324682852,163.65169484948657,NaN,NaN,NaN,1,NaN,146.4259236271574,NaN,NaN,NaN,168,169.125,164.449995,NaN,NaN,NaN,158.35001,170.6791616666667,NaN,NaN,163.289373875,177.03742551166533,149.54132223833466,1,NaN,165.36975622637362,179.89999,161,171.137495,166.07290334762283,179.89999,161,169.3518103065934,0,0,0,0,NaN,NaN,57.876365515590024,70,70,30,30,71.35454122733867,NaN,NaN,NaN,NaN,NaN,NaN,NaN,NaN,NaN,NaN,NaN,NaN,NaN,NaN,NaN,NaN,NaN,15936,NaN,6.890476187955981,18.919738428515053,40,40,-40,-40
2023-12-19T09:15:00+05:30,168.2536256131868,168.2536256131868,160.55,162.85000250000002,166.17756477628694,165.86057104424444,163.57534319715452,NaN,NaN,NaN,NaN,NaN,146.4259236271574,NaN,NaN,NaN,168,169.125,164.449995,NaN,NaN,NaN,158.7810096,163.8845427043956,NaN,NaN,163.55562375,177.0507483346893,150.0604991653107,1,NaN,168.2536256131868,168.2536256131868,160.55,162.85000250000002,167.71235682710812,168.2536256131868,160.55,164.97681343159343,0,0,0,0,NaN,NaN,47.395873084127274,70,70,30,30,72.23910338815166,NaN,NaN,NaN,NaN,NaN,NaN,NaN,NaN,NaN,NaN,NaN,NaN,NaN,NaN,NaN,NaN,NaN,7482,NaN,-3.2490915626677737,13.04548429364113,40,40,-40,-40
2023-12-20T09:15:00+05:30,165.5518140565934,168.60001,156.10001,162.72501,165.0267131841913,165.41263375220953,163.4943590831398,NaN,NaN,NaN,NaN,NaN,146.4259236271574,NaN,NaN,NaN,168,168,164.449995,NaN,NaN,NaN,179.89999,162.47501,NaN,NaN,163.8987495,176.93518245854116,150.86231654145885,1,NaN,165.5518140565934,168.60001,156.10001,162.72501,166.34458512935078,168.60001,156.10001,163.24421101414833,0,0,0,0,NaN,NaN,47.25688070807453,70,70,30,30,70.3601825573119,NaN,NaN,NaN,NaN,NaN,NaN,NaN,NaN,NaN,NaN,NaN,NaN,NaN,NaN,NaN,NaN,NaN,22428,NaN,-14.047940670542351,6.1559799169033,40,40,-40,-40
2023-12-21T09:15:00+05:30,164.1384120282967,166.14999,155,160.3875,163.48030878946085,164.6947575018939,163.1984677418884,NaN,NaN,1,NaN,NaN,146.4259236271574,NaN,NaN,NaN,168,167.449995,164.449995,NaN,NaN,NaN,179.4239904,160.51249666666666,NaN,NaN,164.08124937500003,176.8101315865791,151.35236716342095,1,NaN,164.1384120282967,166.14999,155,160.3875,164.79439807174955,166.14999,155,161.41897550707415,0,0,0,0,NaN,NaN,44.62146871136614,70,70,30,30,59.96294794358346,NaN,NaN,NaN,NaN,NaN,NaN,NaN,NaN,NaN,NaN,NaN,NaN,NaN,NaN,NaN,NaN,NaN,11938,NaN,-25.069674643166316,-1.525363452677352,40,40,-40,-40
2023-12-22T09:15:00+05:30,162.26295601414836,166.95,156.64999,161.3,162.7535391929739,164.20979214448047,163.01766129028,NaN,NaN,NaN,NaN,NaN,146.4259236271574,NaN,NaN,NaN,168,167.449995,164.449995,NaN,NaN,NaN,178.44703078400002,161.63333,NaN,NaN,164.39187425,176.51656245841673,152.26718604158327,1,NaN,162.26295601414836,166.95,156.64999,161.3,163.10668678941187,166.95,156.64999,161.7907365035371,0,0,0,0,NaN,NaN,45.89006820122294,70,70,30,30,56.92339003356892,NaN,NaN,NaN,NaN,NaN,NaN,NaN,NaN,NaN,NaN,NaN,NaN,NaN,NaN,NaN,NaN,NaN,6255,NaN,-33.66661611662566,-8.932307841296925,40,40,-40,-40
2023-12-26T09:15:00+05:30,161.78147800707418,167.95,158.39999,163.7499975,163.0856919619826,164.144107195269,163.08740759596762,NaN,NaN,NaN,NaN,NaN,146.4259236271574,NaN,NaN,NaN,168,167.449995,164.449995,NaN,NaN,NaN,177.50914955264003,163.3666625,NaN,NaN,164.92374912500003,175.90163804221714,153.9458602077829,1,NaN,161.78147800707418,167.95,158.39999,163.7499975,162.44871164647446,167.95,158.39999,162.97036637676854,0,0,0,0,NaN,NaN,49.251496053472955,70,70,30,30,65.11146354406932,NaN,NaN,NaN,NaN,NaN,NaN,NaN,NaN,NaN,NaN,NaN,NaN,NaN,NaN,NaN,NaN,NaN,37788,NaN,-37.11200512966444,-14.682323532461705,40,40,-40,-40
2023-12-27T09:15:00+05:30,162.7657377535371,172.60001,162.7657377535371,168.650005,164.94046297465508,164.78780688165912,163.61717877730405,NaN,NaN,NaN,1,NaN,146.4259236271574,NaN,NaN,NaN,168,167.449995,164.449995,NaN,NaN,NaN,176.60878357053443,168.0052509178457,NaN,NaN,165.44749925000002,176.08162679637294,154.8133717036271,1,NaN,162.7657377535371,172.60001,162.7657377535371,168.650005,162.7095390116215,172.60001,162.7095390116215,166.69537262676855,0,0,0,0,NaN,NaN,55.24041755917442,70,70,30,30,60.41329367764929,NaN,NaN,NaN,NaN,NaN,NaN,NaN,NaN,NaN,NaN,NaN,NaN,NaN,NaN,NaN,NaN,NaN,19442,NaN,-32.268381075251796,-16.999129621257605,40,40,-40,-40
2023-12-28T09:15:00+05:30,165.70787137676854,170.45,165.14999,168.374995,166.08530698310338,165.30026232713638,164.0703041318465,NaN,NaN,NaN,NaN,NaN,146.4259236271574,NaN,NaN,NaN,168,167.449995,164.449995,NaN,NaN,NaN,175.74443222771305,167.99166166666666,NaN,NaN,166.059999,175.8536853701851,156.2663126298149,1,NaN,165.70787137676854,170.45,165.14999,168.374995,164.70245581919502,170.45,164.70245581919502,167.42071409419214,0,0,0,0,NaN,NaN,54.849187692230124,70,70,30,30,47.85342480297417,NaN,NaN,NaN,NaN,NaN,NaN,NaN,NaN,NaN,NaN,NaN,NaN,NaN,NaN,NaN,NaN,NaN,41954,NaN,-23.83739234404278,-16.70954307427145,40,40,-40,-40
2023-12-29T09:15:00+05:30,167.04143318838427,169.35001,164.14999,167.27499749999998,166.48187048873558,165.58236735183118,164.3755130240516,NaN,NaN,NaN,NaN,NaN,146.4259236271574,NaN,NaN,NaN,168,167.449995,164.449995,NaN,NaN,NaN,174.9146549386045,166.92499916666665,NaN,NaN,166.70874887500003,174.88606604454202,158.53143170545803,1,NaN,167.04143318838427,169.35001,164.14999,167.27499749999998,166.0615849566936,169.35001,164.14999,166.9541076720961,0,0,0,0,NaN,NaN,53.225426727834595,70,70,30,30,38.35056189088451,NaN,NaN,NaN,NaN,NaN,NaN,NaN,NaN,NaN,NaN,NaN,NaN,NaN,NaN,NaN,NaN,NaN,15223,NaN,-16.374798754112653,-15.2918452724371,40,40,-40,-40
2024-01-01T09:15:00+05:30,167.15821534419212,170.10001,165.25,167.3125025,166.75874782582372,165.82952951585528,164.65522630747526,NaN,NaN,NaN,NaN,NaN,146.4259236271574,NaN,NaN,NaN,168,163.800005,164.449995,NaN,NaN,NaN,174.11806874106034,167.55417083333333,NaN,NaN,167.000624125,174.81869450342032,159.18255374657969,1,NaN,167.15821534419212,170.10001,165.25,167.3125025,166.50784631439484,170.10001,165.25,167.45518196104803,0,0,0,0,NaN,NaN,53.27621600816616,70,70,30,30,46.11852808812533,NaN,NaN,NaN,NaN,NaN,NaN,NaN,NaN,NaN,NaN,NaN,NaN,NaN,NaN,NaN,NaN,NaN,13183,NaN,-10.857526634894429,-13.48246513484421,40,40,-40,-40
2024-01-02T09:15:00+05:30,167.23535892209605,171.85001,164.55,168.53750250000002,167.35166605054914,166.21638279930454,165.02496689723952,NaN,NaN,NaN,NaN,NaN,146.4259236271574,NaN,NaN,NaN,168,163.800005,164.449995,NaN,NaN,NaN,173.35334599141794,168.31250416666668,NaN,NaN,166.99812425,174.8141950956255,159.18205340437447,1,NaN,167.23535892209605,171.85001,164.55,168.53750250000002,166.98151413772143,171.85001,164.55,168.043217855524,0,0,0,0,NaN,NaN,54.99512691985847,70,70,30,30,53.754978553119734,NaN,NaN,NaN,NaN,NaN,NaN,NaN,NaN,NaN,NaN,NaN,NaN,NaN,NaN,NaN,NaN,NaN,23008,NaN,-1.9681492588360268,-9.772702725377558,40,40,-40,-40
2024-01-03T09:15:00+05:30,167.88643071104804,173,167.88643071104804,170.84999750000003,168.51777653369945,166.87832775654675,165.57973171655004,NaN,NaN,NaN,NaN,NaN,146.4259236271574,NaN,NaN,NaN,168,164,164.949995,NaN,NaN,NaN,155,170.5788094036827,NaN,NaN,167.24999925,175.22015876848326,159.27983973151674,1,NaN,167.88643071104804,173,167.88643071104804,170.84999750000003,167.51236599662272,173,167.51236599662272,169.90571473052404,0,0,0,0,NaN,NaN,58.1268301271605,70,70,30,30,69.11057864975211,NaN,NaN,NaN,NaN,NaN,NaN,NaN,NaN,NaN,NaN,NaN,NaN,NaN,NaN,NaN,NaN,NaN,80815,NaN,11.559410353781098,-3.4345804177819605,40,40,-40,-40
2024-01-04T09:15:00+05:30,169.36821410552403,187,169.36821410552403,179.27499999999998,172.10351768913296,168.64928093418294,166.8840429816405,NaN,NaN,NaN,NaN,NaN,150.42230060216664,NaN,NaN,NaN,168,171.824995,168.5,NaN,NaN,NaN,155.36,178.5477380351747,NaN,NaN,167.72437437499997,177.22467252016392,158.22407622983602,1,NaN,169.36821410552403,187,169.36821410552403,179.27499999999998,168.70904036357337,187,168.70904036357337,176.252857052762,0,0,0,0,NaN,NaN,67.10722591367923,70,70,30,30,76.40479507907969,NaN,NaN,NaN,NaN,NaN,NaN,NaN,NaN,NaN,NaN,NaN,NaN,NaN,NaN,NaN,NaN,NaN,101607,NaN,25.062259534614036,4.201726697350573,40,40,-40,-40
2024-01-05T09:15:00+05:30,174.321607052762,209,174.321607052762,193.25,179.15234512608865,172.16366937215682,169.39508650719856,NaN,NaN,NaN,NaN,NaN,156.2716598366738,NaN,NaN,NaN,169.36821410552403,183.699995,179.65,NaN,NaN,NaN,156.62560000000002,192.190535684254,NaN,NaN,168.6999995,183.1750908667261,154.22490813327389,1,NaN,174.321607052762,209,174.321607052762,193.25,172.4809487081677,209,172.4809487081677,187.72330352638102,0,0,0,0,NaN,NaN,76.21829117460959,70,76.21829117460959,30,30,83.45898670041902,NaN,NaN,NaN,NaN,NaN,NaN,NaN,NaN,NaN,NaN,NaN,NaN,NaN,NaN,NaN,NaN,NaN,163610,NaN,33.224743478517055,10.96272682918139,40,40,-40,-40
2024-01-08T09:15:00+05:30,183.78580352638102,235.35001,183.78580352638102,219.025,192.4432300840591,178.85814517613443,174.1217449350844,NaN,NaN,NaN,1,NaN,162.2484155003683,NaN,NaN,NaN,174.321607052762,199.05787387676855,194.575005,NaN,NaN,NaN,159.768064,212.72027117546034,NaN,NaN,170.91937475,197.1738244409822,144.6649250590178,1,NaN,183.78580352638102,235.35001,183.78580352638102,219.025,180.10212611727434,235.35001,180.10212611727434,205.4866542631905,0,0,0,0,NaN,NaN,84.65868590464467,70,84.65868590464467,30,30,89.02661431887508,NaN,NaN,NaN,NaN,NaN,NaN,NaN,NaN,NaN,NaN,NaN,NaN,NaN,NaN,NaN,NaN,NaN,248916,NaN,40.976682306099164,17.829253066363187,40,40.976682306099164,-40,-40
2024-01-09T09:15:00+05:30,201.40540176319053,226.7,201.40540176319053,217.20000249999998,200.6954875560394,184.33555336525808,178.22443613174303,NaN,NaN,NaN,NaN,NaN,163.87677927401245,NaN,NaN,NaN,183.78580352638102,199.75,195.175005,NaN,NaN,NaN,165.81461968000002,215.10180142106347,NaN,NaN,173.23062499999997,206.34115655587487,140.12009344412508,1,NaN,201.40540176319053,226.7,201.40540176319053,217.20000249999998,192.79439019023243,226.7,192.79439019023243,211.67770150659527,0,0,0,0,NaN,NaN,82.42797838130835,70,82.42797838130835,30,30,90.45971630569088,NaN,NaN,NaN,NaN,NaN,NaN,NaN,NaN,NaN,NaN,NaN,NaN,NaN,NaN,NaN,NaN,NaN,50162,NaN,45.58345860796628,23.71306794699413,40,45.58345860796628,-40,-40
2024-01-10T09:15:00+05:30,209.30270213159525,213.45,201.65,207.5375,202.97615837069293,187.65011717022122,181.01615650014847,NaN,NaN,NaN,NaN,NaN,163.87677927401245,NaN,NaN,NaN,201.40540176319053,199.75,195.175005,NaN,NaN,NaN,171.37745090560003,207.54583333333335,NaN,NaN,175.12000025,211.3828975692303,138.8571029307697,1,NaN,209.30270213159525,213.45,201.65,207.5375,202.23604584841385,213.45,201.65,207.9850505328988,0,0,0,0,NaN,NaN,71.66160001222855,70,71.66160001222855,30,30,88.63686103457664,NaN,NaN,NaN,NaN,NaN,NaN,NaN,NaN,NaN,NaN,NaN,NaN,NaN,NaN,NaN,NaN,NaN,33292,NaN,43.92945664210546,27.088047352312405,40,43.92945664210546,-40,-40